Feature,Importance
TotalCharges,0.19875927805048174
tenure,0.16862612508654787
MonthlyCharges,0.1671619446482871
PaymentMethod_Electronic check,0.03758244437471284
InternetService_Fiber optic,0.03728977120259437
Contract_Two year,0.0296327681310532
gender,0.02837083878005428
PaperlessBilling,0.02722105062882911
OnlineSecurity_Yes,0.025424241903931256
Partner,0.023907998914640714
